precio,ofertaItems,itemsVendidos
5.0,39.26126975286132,42.0
7.5,15,3
10.0,52.93966660949026,42.05
12.5,25,7
15.0,30,11
20.0,4,4
19.0,6,3
16.0,4,2
