precio,ofertaItems,itemsVendidos
5.0,39.26126975286132,42.0
7.5,15,3
10.0,52.93966660949026,42.05
12.5,25,7
15.0,29.19287807807457,26.0
20.0,8.405829838811288,7.0
19.0,6,3
16.0,4,2
12.0,17.482111792690645,10.0
